,wild_type,mut_type,HLA
0,PFDTRQMLFY,PSDTRQMLFY,HLA-A*01:01
1,LTDDRLFTCH,LTDDRLFTCY,HLA-A*01:01
2,YTDFPCQYV,YTDFHCQYV,HLA-A*01:01
3,YTDFPCQYVK,YTDFHCQYVK,HLA-A*01:01
4,FSADISFFF,FSADIFFFF,HLA-A*01:01
5,HTQGLSPGCY,HTQGLSPDCY,HLA-A*01:01
6,LPPTLNPIVY,LSPTLNPIVY,HLA-A*01:01
7,ISGHRSVSWY,ISGHRSVFWY,HLA-A*01:01
8,EVDPIGHVY,KVDPIGHVY,HLA-A*01:01
9,YMNGTMSQV,YMDGTMSQV,HLA-A*02:01
10,CLNEYHLFF,CLNEYHLFL,HLA-A*02:01
11,FLYNPLTRV,FLYNLLTRV,HLA-A*02:01
12,IILVAVQHV,IILVAVPHV,HLA-A*02:01
13,EMIGNHLWV,KMIGNHLWV,HLA-A*02:01
14,AMFRSVPTV,AMFWSVPTV,HLA-A*02:01
15,KLMNIQQQL,KLMNIQQKL,HLA-A*02:01
16,QLSCTSTYV,QLSCISTYV,HLA-A*02:01
17,HPYASLSRV,HLYASLSRV,HLA-A*02:01
18,MLGERLFPL,MLGEQLFPL,HLA-A*02:01
19,VLLGVKLSGV,VLLGVKLFGV,HLA-A*02:01
20,TPWCSPIKV,TLWCSPIKV,HLA-A*02:01
21,GPLDEDFYA,GLLDEDFYA,HLA-A*02:01
22,KPILWRGLK,KLILWRGLK,HLA-A*02:01
23,ALQSRRQAL,ALQSRLQAL,HLA-A*02:01
24,KVWCCQILL,KVCCCQILL,HLA-A*02:01
25,ALIHHNTHL,ALIHHNTYL,HLA-A*02:01
26,VLENFTILLV,VLENFTIFLV,HLA-A*02:01
27,ILTGLNYEA,ILTGLNYEV,HLA-A*02:01
28,FLTYLDVSV,FLIYLDVSV,HLA-A*02:01
29,SMPDFDLHL,FMPDFDLHL,HLA-A*02:01
30,ALYGSVPVLL,ALYGFVPVLL,HLA-A*02:01
31,VVLSWAPPV,VVMSWAPPV,HLA-A*02:01
32,GSFGDIYLAI,GLFGDIYLAI,HLA-A*02:01
33,ILNAMITKI,ILNAMIAKI,HLA-A*02:01
34,SLADEAEVHL,SLADEAEVYL,HLA-A*02:01
35,YRSLKQFNV,YQSLKQFNV,HLA-A*02:01
36,GMYASSYMIL,GMYASSYIIL,HLA-A*02:01
37,LIYESYVSEL,LIYELYVSEL,HLA-A*02:01
38,MTLQEYHYV,MTLKEYHYV,HLA-A*02:01
39,CTLSQCFQL,YTLSQCFQL,HLA-A*02:01
40,FLVHGVRPGM,FLVYGVRPGM,HLA-A*02:01
41,SLPVTDASSV,FLPVTDASSV,HLA-A*02:01
42,LLYPHGLSS,LLYPHSLSS,HLA-A*02:01
43,AQSKGAWIL,AQFKGAWIL,HLA-A*02:01
44,GSLDVPMAV,GSLDVLMAV,HLA-A*02:01
45,AVGSHVYSV,AVGSYVYSV,HLA-A*02:01
46,ALLETLSLL,ALLETPSLL,HLA-A*02:01
47,ALLETLSLLL,ALLETPSLLL,HLA-A*02:01
48,ARDPHSGHFV,ALDPHSGHFV,HLA-A*02:01
49,NLNRCSVPV,NLNCCSVPV,HLA-A*02:01
50,ALSPVIPLI,ALSPVIPHI,HLA-A*02:01
51,KPYGLDWAEL,KLYGLDWAEL,HLA-A*02:01
52,KLFEFLVHGV,KLFEFLVYGV,HLA-A*02:01
53,IWAALFLGL,ILAALFLGL,HLA-A*02:01
54,QQFAVGSHV,QQFAVGSYV,HLA-A*02:01
55,LIIPCIHLI,LIIPFIHLI,HLA-A*02:01
56,LLFGMTPCL,LLFGMPPCL,HLA-A*02:01
57,KLSHQPVLL,KLSHQLVLL,HLA-A*02:01
58,GIICLDCKL,GIICLDYKL,HLA-A*02:01
59,LSLMSTLGI,LLLMSTLGI,HLA-A*02:01
60,RVRDIVPTL,RVWDIVPTL,HLA-A*02:01
61,GIAARVRNWL,GIAARVKNWL,HLA-A*02:01
62,RQLEVPRPYI,RQLEVPWPYI,HLA-A*02:01
63,ALGALTVWH,ALGALTVWL,HLA-A*02:01
64,QLRDVMFYL,QLCDVMFYL,HLA-A*02:01
65,YLYDRLLRI,YLYDRLLRV,HLA-A*02:01
66,YLSKIIPAL,YLSNIIPAL,HLA-A*02:01
67,RLFPGLAIKI,RLFPGLTIKI,HLA-A*02:05
68,WLIRETQPISK,WLIRETQPITK,HLA-A*03:01
69,KLYEEPLSK,KLYEEPLLK,HLA-A*03:01
70,QTYQRMWNY,QTYQHMWNY,HLA-A*03:01
71,FIYKSDLVK,FIYKSDFVK,HLA-A*03:01
72,GTSAPRKKQ,GTSAPRKKK,HLA-A*11:01
73,SVTNEFCRK,SVTNEFCLK,HLA-A*11:01
74,VQFLSHVLWSR,VQFLSQVLWSR,HLA-A*11:01
75,LLLDILAPK,LLLDIVAPK,HLA-A*11:01
76,ASNAPSAAK,ASNASSAAK,HLA-A*11:01
77,CILGELFTK,CILGKLFTK,HLA-A*11:01
78,CILGELFTKK,CILGKLFTKK,HLA-A*11:01
79,ETLTSVFQK,KTLTSVFQK,HLA-A*11:01
80,ETLTSVFQKK,KTLTSVFQKK,HLA-A*11:01
81,CIKTCDNWNE,CIKTCDNWNK,HLA-A*11:01
82,CVFQSNFQEL,CVFQSNFQEF,HLA-A*23:01
83,TYLPSAWNS,TYLPSAWNF,HLA-A*24:02
84,VYQYTSPDF,VYQYTFPDF,HLA-A*24:02
85,YYSKNLNSSF,YYSKNLNSFF,HLA-A*24:02
86,TYLPSAWNSF,TYLPSAWNFF,HLA-A*24:02
87,VYQYTSPDFL,VYQYTFPDFL,HLA-A*24:02
88,YYSKNLNSS,YYSKNLNSF,HLA-A*24:02
89,EYYSKNLNSS,EYYSKNLNSF,HLA-A*24:02
90,RSMRTVYGLC,RSMRTVYGLF,HLA-A*24:02
91,AYHPIEWAI,AYHSIEWAI,HLA-A*24:02
92,VQIIPCQY,VQIISCQY,HLA-A*30:02
93,VSVQIIPCQY,VSVQIISCQY,HLA-A*30:02
94,SVQIIPCQY,SVQIISCQY,HLA-A*30:02
95,CMGGMNRR,CMGGMNLR,HLA-A*31:01
96,SLVGTPNYI,SLVETPNYI,HLA-A*32:01
97,EYFMKQMNDAH,EYFMKQMNDAR,HLA-A*33:03
98,HVKITDFGL,HVKITDFGR,HLA-A*33:03
99,NLLGRNSFE,NLLGRNSFK,HLA-A*68:01
100,ALARLERRHSA,APARLERRHSA,HLA-B*07:02
101,RVSTLRVSP,RVSTLRVSL,HLA-B*07:02
102,SPMIVGSPR,SPMIVGSPW,HLA-B*07:02
103,KGTQRIWAAL,KGTQRILAAL,HLA-B*07:02
104,SPFLRQRVAFL,SPFLSQRVAFL,HLA-B*07:02
105,KPKKENLRRM,KPKKENLWRM,HLA-B*07:02
106,LPRQYWEEL,LPRQYWEAL,HLA-B*07:02
107,RPQGQRPAP,RPQGQRPAL,HLA-B*07:02
108,RVRVSGQGL,CVRVSGQGL,HLA-B*07:02
109,SPVTEIRTHL,SPVTEIRTDL,HLA-B*07:02
110,RAAGSMSSL,RVAGSMSSL,HLA-B*07:02
111,MGNSTHTSM,MGKSTHTSM,HLA-B*08:01
112,VMQHLLSPL,VMKHLLSPL,HLA-B*08:01
113,TLWRSFFAAL,TLWRSFFATL,HLA-B*08:01
114,SFFFKTTAL,FFFFKTTAL,HLA-B*08:01
115,HQKRLIPI,HQKRPIPI,HLA-B*15:01
116,GLGPGFSGY,GLGPGFSSY,HLA-B*15:01
117,YQYTSPDF,YQYTFPDF,HLA-B*15:01
118,YQYTSPDFLY,YQYTFPDFLY,HLA-B*15:01
119,YSKNLNSSF,YSKNLNSFF,HLA-B*15:01
120,GQFLAPNSH,GQFLTPNSH,HLA-B*15:01
121,YSNYYGGLRY,YSNYYCGLRY,HLA-B*15:01
122,LLCPSCWDF,LLCSSCWDF,HLA-B*15:01
123,VLFEDAVAH,VLFEDAVAY,HLA-B*15:01
124,LMEVDPIGHVY,LMKVDPIGHVY,HLA-B*15:01
125,KSDLVKHQRI,KSDFVKHQRI,HLA-B*15:17
126,KAFIYKSDLV,KAFIYKSDFV,HLA-B*15:17
127,WEAKPSRML,WEAKPSRIL,HLA-B*18:01
128,GRIAFSLKY,GRIAFFLKY,HLA-B*27:05
129,FAFQEDDSF,FAFQEYDSF,HLA-B*35:01
130,GPEELGLPL,GPEELGLPM,HLA-B*35:01
131,MPIEPGDIGY,MPIEPGDIGC,HLA-B*35:01
132,TPTVPSGSF,TPTVPSSSF,HLA-B*35:01
133,ELMRDIYSM,ELMRDINSM,HLA-B*35:01
134,YHPIEWAI,YHSIEWAI,HLA-B*38:01
135,HQNPVTGLLP,HQNPVTGLLL,HLA-B*38:01
136,RHDLPPYRVHL,RHDLPPYRVYL,HLA-B*38:01
137,EHNAYHPIEWAI,EHNAYHSIEWAI,HLA-B*38:01
138,HNAYHPIEWAI,HNAYHSIEWAI,HLA-B*38:01
139,WEAKPSRM,WEAKPSRI,HLA-B*44:02
140,GEEDGAGGHSP,GEEDGAGGHSL,HLA-B*44:02
141,TKSPFEQHI,TESPFEQHI,HLA-B*44:02
142,DANPFLQSV,DANSFLQSV,HLA-B*51:01
143,HSKNRCLYVF,HSKNCCLYVF,HLA-C*02:02
144,RLIPIKYKAM,RPIPIKYKAM,HLA-C*03
146,GAGGVGKSAL,GAAGVGKSAL,HLA-C*03:04
147,GSDIMSFVV,GSDIMSFVI,HLA-C*05:01
148,EVDPIGHVYIF,KVDPIGHVYIF,HLA-C*05:01
149,TRSSGSHLVF,TRSSGSHFVF,HLA-C*07:01
150,AALVAAFTL,ATLVAAFTL,HLA-C*07:01
151,FQYHSLDVI,FQYHSLNVI,HLA-C*07:01
152,QEFENIKSS,QEFENIKSY,HLA-C*12:03
153,NAYHPIEWAI,NAYHSIEWAI,HLA-C*12:03
154,SSMIMEIEL,SYMIMEIEL,HLA-C*14:02
155,CYMEALAL,CYMEAVAL,HLA-C*14:03
156,CYMEALALV,CYMEAVALV,HLA-C*14:03
157,SSSKAPPPSL,SSSKAPLPSL,HLA-C*16:01
158,EASIQPITR,EAFIQPITR,HLA-A*68:01
159,EVYEGVWKK,KVYEGVWKK,HLA-A*03:01
160,SELFRSRLDSY,SELFRSGLDSY,HLA-B*44:02
161,FRSRLDSYV,FRSGLDSYV,HLA-C*06:02
162,ALYGSVPVL,ALYGFVPVL,HLA-A*02:01
163,ILDKVLVHP,ILDKVLVHL,HLA-A*02:01
164,EEKLSVVLF,EEKLIVVLF,HLA-B*44:02
165,FIASKGVKLV,FIASNGVKLV,HLA-A*02:01
166,SLFEGIDFYT,SLFEGIDIYT,HLA-A*02:01
167,YVDFREYEYD,YVDFREYEYY,HLA-A*01:01
168,AEPIDIQTW,AEPINIQTW,HLA-B*44:03
169,ETVSEESNV,ETVSEQSNV,HLA-A*68:02
170,VVPYEPPEV,VVPCEPPEV,HLA-A*02:01
171,FLDEFMEAV,FLDEFMEGV,HLA-A*02:01
172,FLGGNEVGKTY,FLEGNEVGKTY,HLA-A*01:01
173,KILDAVVAQE,KILDAVVAQK,HLA-A*03:01
174,TLGWLLQTPK,TLDWLLQTPK,HLA-A*03:01
175,KIFSEVTPK,KIFSEVTLK,HLA-A*03:01
176,GPHVPESAF,RPHVPESAF,HLA-B*07:02
177,SHETVTIEL,SHETVIIEL,HLA-B*38:01
178,ILDTAGQEEY,ILDTAGREEY,HLA-A*01:01
179,ITQLMPFGC,IMQLMPFGC,HLA-A*02:01
180,IYKAPSENW,IYKAPCENW,HLA-A*24:02
181,SYLDSGIHS,SYLDSGIHF,HLA-A*24:02
182,GSFGDIYLA,GLFGDIYLA,HLA-A*02:01
183,CQWGRLWQL,CMWGRLWQL,HLA-A*02:01
184,LLLDDSLVSI,LLLDDLLVSI,HLA-A*02:01
185,QQITQTEV,QQITKTEV,HLA-B*52:01
186,KELEGILLP,KELEGILLL,HLA-B*44:03
187,ARDPHSGHFV,ACDPHSGHFV,HLA-A*02:01
188,TQLMPFGCLL,MQLMPFGCLL,HLA-A*02:01
189,EINKNPKYK,KINKNPKYK,HLA-A*03:01
190,DYLQCVLQI,DYLQYVLQI,HLA-A*24:02
191,KEFEDGIINW,KEFEDDIINW,HLA-B*44:03
192,VLRDDLLEA,VLHDDLLEA,HLA-A*02:01
193,EEKRGSLYVW,EEKRGSLHVW,HLA-B*44:03
194,RPRAIRRPLAL,RPHAIRRPLAL,HLA-B*07:02
195,GIVEGLMTTV,GIVEGLITTV,HLA-A*02:01
196,QTTCEVLDY,QTACEVLDY,HLA-A*01:01